Day,Adj Close
1,9108.509766
2,9096.719727
3,9070.719727
4,9154.459961
5,9171.610352
6,9286.55957
7,9320.19043
8,9280.969727
9,9256.259766
10,9370.070313
11,9337.950195
12,9241.450195
13,9361.610352
14,9398.19043
15,9321.400391
16,9135.339844
17,9217.94043
18,9279.160156
19,9350.049805
20,9505.959961
21,9509.280273
22,9539.290039
23,9543.519531
24,9580.629883
25,9544.200195
26,9496.280273
27,9310.599609
28,9280.669922
29,9344.610352
30,9441.269531
31,9497.339844
32,9547.219727
33,9627.480469
34,9605.410156
35,9626.799805
36,9683.410156
37,9791.709961
38,9783.919922
39,9820.200195
40,9778.860352
41,9829.870117
42,9748.549805
43,9707.44043
44,9665.19043
45,9789.360352
46,9742.200195
47,9712.280273
48,9509.280273
49,9487.669922
50,9599.75
51,9731.25
52,9725.580078
53,9786.870117
54,9864.94043
55,9885.799805
56,9871.05957
57,10015.86035
58,10062.94043
59,9995.910156
60,10092.19043
61,10041.48047
62,9949.360352
63,10081.30957
64,9972.179688
65,9867.959961
66,9882.169922
67,9762.69043
68,9962.580078
69,9712.730469
70,9789.44043
71,9771.910156
72,9802.139648
73,10005.95996
74,10023.41992
75,10226.94043
76,10246.96973
77,10291.25977
78,10197.46973
79,10270.46973
80,10406.95996
81,10437.41992
82,10426.30957
83,10332.44043
84,10318.16016
85,10450.9502
86,10433.70996
87,10464.40039
88,10309.91992
89,10344.83984
90,10471.58008
91,10452.67969
92,10366.15039
93,10388.90039
94,10390.11035
95,10285.96973
96,10337.04981
97,10405.83008
98,10471.5
99,10501.04981
100,10452
101,10441.12012
102,10308.25977
103,10328.88965
104,10414.13965
105,10464.92969
106,10466.44043
107,10520.08984
108,10547.08008
109,10545.41016
110,10548.50977
111,10428.04981
112,10583.95996
113,10572.01953
114,10573.67969
115,10606.86035
116,10618.19043
117,10663.99023
118,10627.25977
119,10680.76953
120,10710.54981
121,10609.65039
122,10725.42969
123,10603.15039
124,10389.87988
125,10172.98047
126,10196.86035
127,10194.29004
128,10236.16016
129,10120.45996
130,10067.33008
131,10185.53027
132,10296.84961
133,10270.54981
134,10002.17969
135,10012.23047
136,9908.389648
137,10058.63965
138,10038.37988
139,10144.19043
140,10099.13965
141,10268.80957
142,10309.24023
143,10392.90039
144,10402.34961
145,10383.37988
146,10282.41016
147,10374.16016
148,10321.03027
149,10325.25977
150,10403.79004
151,10405.98047
152,10396.75977
153,10444.13965
154,10566.2002
155,10552.51953
156,10564.37988
157,10567.33008
158,10611.83984
159,10624.69043
160,10642.15039
161,10685.98047
162,10733.66992
163,10779.16992
164,10741.98047
165,10785.88965
166,10888.83008
167,10836.15039
168,10841.20996
169,10850.36035
170,10895.86035
171,10907.41992
172,10856.62988
173,10927.07031
174,10973.54981
175,10969.99023
176,10897.51953
177,10927.07031
178,10997.34961
179,11005.96973
180,11019.41992
181,11123.11035
182,11144.57031
183,11018.66016
184,11092.04981
185,11117.05957
186,11124.91992
187,11134.29004
188,11204.28027
189,11205.03027
190,10991.99023
191,11045.26953
192,11167.32031
193,11008.61035
194,11151.83008
195,10926.76953
196,10866.83008
197,10520.32031
198,10380.42969
199,10785.13965
200,10748.25977
201,10896.91016
202,10782.9502
203,10620.16016
204,10625.83008
205,10510.9502
206,10444.37012
207,10068.00977
208,10193.38965
209,10066.57031
210,10043.75
211,9974.450195
212,10258.99023
213,10136.62988
214,10024.01953
215,10249.54004
216,10255.28027
217,9931.969727
218,9816.490234
219,9939.980469
220,9899.25
221,10172.53027
222,10211.07031
223,10190.88965
224,10404.76953
225,10409.45996
226,10434.16992
227,10450.63965
228,10442.41016
229,10293.51953
230,10298.44043
231,10152.79981
232,10143.80957
233,10138.51953
234,9870.299805
235,9774.019531
236,9732.530273
237,9686.480469
238,9743.620117
239,10018.28027
240,10138.99023
241,10198.03027
242,10216.26953
243,10363.01953
244,10366.71973
245,10359.30957
246,10097.90039
247,10154.42969
248,10229.95996
249,10120.53027
250,10322.29981
251,10424.62012
252,10525.42969
253,10537.69043
254,10497.87988
255,10467.16016
256,10465.94043
257,10674.37988
258,10636.37988
259,10680.42969
260,10674.98047
261,10653.55957
262,10698.75
263,10644.25
264,10378.83008
265,10319.9502
266,10303.15039
267,10302.00977
268,10405.84961
269,10415.54004
270,10271.20996
271,10213.62012
272,10174.41016
273,10040.4502
274,10060.05957
275,9985.80957
276,10150.65039
277,10009.73047
278,10014.71973
279,10269.46973
280,10320.09961
281,10447.92969
282,10340.69043
283,10387.00977
284,10415.24023
285,10462.76953
286,10544.12988
287,10526.49023
288,10572.73047
289,10594.83008
290,10607.84961
291,10753.62012
292,10761.03027
293,10739.30957
294,10662.41992
295,10860.25977
296,10812.04004
297,10858.13965
298,10835.28027
299,10788.04981
300,10829.67969
301,10751.26953
302,10944.71973
303,10967.65039
304,10948.58008
305,11006.48047
306,11010.33984
307,11020.40039
308,11096.08008
309,11094.57031
310,11062.78027
311,11143.69043
312,10978.62012
313,11107.96973
314,11146.57031
315,11132.55957
316,11164.04981
317,11169.45996
318,11126.28027
319,11113.9502
320,11118.49023
321,11124.62012
322,11188.71973
323,11215.12988
324,11434.83984
325,11444.08008
326,11406.83984
327,11346.75
328,11357.04004
329,11283.09961
330,11192.58008
331,11201.96973
332,11023.5
333,11007.87988
334,11181.23047
335,11203.54981
336,11178.58008
337,11036.37012
338,11187.28027
339,11091.87012
340,11052.49023
341,11006.01953
342,11255.78027
343,11362.41016
344,11382.08984
345,11362.19043
346,11359.16016
347,11372.48047
348,11370.05957
349,11410.32031
350,11428.55957
351,11476.54004
352,11457.46973
353,11499.25
354,11491.91016
355,11478.12988
356,11533.16016
357,11559.49023
358,11573.49023
359,11555.03027
360,11575.54004
361,11585.37988
362,11569.70996
363,11577.50977
364,11670.75
365,11691.17969
366,11722.88965
367,11697.30957
368,11674.75977
369,11637.4502
370,11671.87988
371,11755.44043
372,11731.90039
373,11787.37988
374,11837.92969
375,11825.29004
376,11822.79981
377,11871.83984
378,11980.51953
379,11977.19043
380,11985.44043
381,11989.83008
382,11823.7002
383,11891.92969
384,12040.16016
385,12041.96973
386,12062.25977
387,12092.15039
388,12161.62988
389,12233.15039
390,12239.88965
391,12229.29004
392,12273.25977
393,12268.19043
394,12226.63965
395,12288.16992
396,12318.13965
397,12391.25
398,12212.79004
399,12105.78027
400,12068.5
401,12130.4502
402,12226.33984
403,12058.01953
404,12066.79981
405,12258.2002
406,12169.87988
407,12090.03027
408,12214.37988
409,12213.08984
410,11984.61035
411,12044.40039
412,11993.16016
413,11855.41992
414,11613.29981
415,11774.58984
416,11858.51953
417,12036.53027
418,12018.62988
419,12086.01953
420,12170.55957
421,12220.58984
422,12197.87988
423,12279.00977
424,12350.61035
425,12319.73047
426,12376.71973
427,12400.03027
428,12393.90039
429,12426.75
430,12409.49023
431,12380.04981
432,12381.11035
433,12263.58008
434,12270.99023
435,12285.15039
436,12341.83008
437,12201.58984
438,12266.75
439,12453.54004
440,12505.99023
441,12479.87988
442,12595.37012
443,12690.95996
444,12763.30957
445,12810.54004
446,12807.36035
447,12807.50977
448,12723.58008
449,12584.16992
450,12638.74023
451,12684.67969
452,12760.36035
453,12630.03027
454,12695.91992
455,12595.75
456,12548.37012
457,12479.58008
458,12560.17969
459,12605.32031
460,12512.04004
461,12381.25977
462,12356.20996
463,12394.66016
464,12402.75977
465,12441.58008
466,12569.79004
467,12290.13965
468,12248.54981
469,12151.25977
470,12089.95996
471,12070.80957
472,12048.94043
473,12124.36035
474,11951.91016
475,11952.96973
476,12076.11035
477,11897.26953
478,11961.51953
479,12004.36035
480,12080.37988
481,12190.00977
482,12109.66992
483,12050
484,11934.58008
485,12043.55957
486,12188.69043
487,12261.41992
488,12414.33984
489,12582.76953
490,12569.87012
491,12626.01953
492,12719.49023
493,12657.2002
494,12505.75977
495,12446.87988
496,12491.61035
497,12437.12012
498,12479.73047
499,12385.16016
500,12587.41992
501,12571.91016
502,12724.41016
503,12681.16016
504,12592.79981
505,12501.29981
506,12302.54981
507,12240.11035
508,12143.24023
509,12132.49023
510,11866.62012
511,11896.44043
512,11383.67969
513,11444.61035
514,10809.84961
515,11239.76953
516,10719.94043
517,11143.30957
518,11269.01953
519,11482.90039
520,11405.92969
521,11410.20996
522,10990.58008
523,10817.65039
524,10854.65039
525,11176.75977
526,11320.70996
527,11149.82031
528,11284.54004
529,11539.25
530,11559.9502
531,11613.53027
532,11493.57031
533,11240.25977
534,11139.29981
535,11414.86035
536,11295.80957
537,10992.12988
538,11061.12012
539,11105.84961
540,11246.73047
541,11433.17969
542,11509.08984
543,11401.00977
544,11408.66016
545,11124.83984
546,10733.83008
547,10771.48047
548,11043.86035
549,11190.69043
550,11010.90039
551,11153.98047
552,10913.37988
553,10655.29981
554,10808.70996
555,10939.9502
556,11123.33008
557,11103.12012
558,11433.17969
559,11416.29981
560,11518.84961
561,11478.12988
562,11644.49023
563,11397
564,11577.04981
565,11504.62012
566,11541.78027
567,11808.79004
568,11913.62012
569,11706.62012
570,11869.04004
571,12208.54981
572,12231.11035
573,11955.00977
574,11657.95996
575,11836.04004
576,12044.46973
577,11983.24023
578,12068.38965
579,12170.17969
580,11780.94043
581,11893.86035
582,12153.67969
583,12078.98047
584,12096.16016
585,11905.58984
586,11770.73047
587,11796.16016
588,11547.30957
589,11493.71973
590,11257.54981
591,11231.65039
592,11523.00977
593,11555.62988
594,12045.67969
595,12020.03027
596,12019.41992
597,12097.83008
598,12150.12988
599,12196.37012
600,11997.7002
601,12184.25977
602,12021.38965
603,11954.94043
604,11823.48047
605,11868.80957
606,11866.38965
607,11766.25977
608,12103.58008
609,12107.74023
610,12169.65039
611,12294
612,12291.34961
613,12151.41016
614,12287.04004
615,12217.55957
616,12397.37988
617,12418.41992
618,12415.7002
619,12359.91992
620,12392.69043
621,12462.46973
622,12449.4502
623,12471.01953
624,12422.05957
625,12482.07031
626,12578.9502
627,12623.98047
628,12720.48047
629,12708.82031
630,12675.75
631,12758.84961
632,12734.62988
633,12660.45996
634,12653.71973
635,12632.91016
636,12716.45996
637,12705.41016
638,12862.23047
639,12845.12988
640,12878.2002
641,12883.9502
642,12890.45996
643,12801.23047
644,12874.04004
645,12878.28027
646,12780.9502
647,12904.08008
648,12949.87012
649,12965.69043
650,12938.66992
651,12984.69043
652,12982.9502
653,12981.50977
654,13005.12012
655,12952.07031
656,12980.29981
657,12977.57031
658,12962.80957
659,12759.15039
660,12837.33008
661,12907.94043
662,12922.01953
663,12959.70996
664,13177.67969
665,13194.09961
666,13252.75977
667,13232.62012
668,13239.12988
669,13170.19043
670,13124.62012
671,13046.13965
672,13080.73047
673,13241.62988
674,13197.73047
675,13126.20996
676,13145.82031
677,13212.04004
678,13264.49023
679,13199.54981
680,13074.75
681,13060.13965
682,12929.58984
683,12715.92969
684,12805.38965
685,12986.58008
686,12849.58984
687,12921.41016
688,13115.54004
689,13032.75
690,12964.09961
691,13029.25977
692,12927.16992
693,13001.55957
694,13090.71973
695,13204.62012
696,13228.30957
697,13213.62988
698,13279.32031
699,13268.57031
700,13206.58984
701,13038.26953
702,13008.53027
703,12932.08984
704,12835.05957
705,12855.04004
706,12820.59961
707,12695.34961
708,12632
709,12598.54981
710,12442.49023
711,12369.37988
712,12504.48047
713,12502.80957
714,12496.15039
715,12529.75
716,12454.83008
717,12580.69043
718,12419.86035
719,12393.4502
720,12118.57031
721,12101.45996
722,12127.9502
723,12414.79004
724,12460.95996
725,12554.2002
726,12411.23047
727,12573.79981
728,12496.37988
729,12651.91016
730,12767.16992
731,12741.82031
732,12837.33008
733,12824.38965
734,12573.57031
735,12640.78027
736,12502.66016
737,12534.66992
738,12627.00977
739,12602.25977
740,12880.08984
741,12871.38965
742,12943.66016
743,12896.66992
744,12772.46973
745,12736.29004
746,12653.12012
747,12604.53027
748,12573.26953
749,12777.08984
750,12727.20996
751,12805.54004
752,12908.7002
753,12943.36035
754,12822.57031
755,12721.45996
756,12617.32031
757,12676.04981
758,12887.92969
759,13075.66016
760,13073.00977
761,13008.67969
762,12976.12988
763,12878.87988
764,13096.16992
765,13117.50977
766,13168.59961
767,13175.63965
768,13165.19043
769,13207.9502
770,13169.42969
771,13172.13965
772,13164.78027
773,13250.11035
774,13275.2002
775,13271.63965
776,13203.58008
777,13172.75977
778,13057.45996
779,13157.96973
780,13124.66992
781,13102.99023
782,13107.48047
783,13000.70996
784,13090.83984
785,13035.94043
786,13047.48047
787,13292
788,13306.63965
789,13254.29004
790,13323.36035
791,13333.34961
792,13539.86035
793,13593.37012
794,13553.09961
795,13564.63965
796,13577.95996
797,13596.92969
798,13579.46973
799,13558.91992
800,13457.54981
801,13413.50977
802,13485.96973
803,13437.12988
804,13515.11035
805,13482.36035
806,13494.61035
807,13575.36035
808,13610.15039
809,13583.65039
810,13473.53027
811,13344.96973
812,13326.38965
813,13328.84961
814,13424.23047
815,13551.78027
816,13557
817,13548.94043
818,13343.50977
819,13345.88965
820,13102.53027
821,13077.33984
822,13103.67969
823,13107.20996
824,13096.45996
825,13232.62012
826,13093.16016
827,13112.44043
828,13245.67969
829,12932.73047
830,12811.32031
831,12815.38965
832,12815.08008
833,12756.17969
834,12570.9502
835,12542.37988
836,12588.30957
837,12795.95996
838,12788.50977
839,12836.88965
840,13009.53027
841,12967.37012
842,12878.12988
843,12985.11035
844,13021.82031
845,13025.58008
846,12965.59961
847,12951.78027
848,13034.49023
849,13074.04004
850,13155.12988
851,13169.87988
852,13248.44043
853,13245.4502
854,13170.71973
855,13135.00977
856,13235.38965
857,13350.95996
858,13251.96973
859,13311.71973
860,13190.83984
861,13138.92969
862,13114.58984
863,13096.30957
864,12938.11035
865,13104.13965
866,13412.54981
867,13391.36035
868,13435.20996
869,13384.29004
870,13328.84961
871,13390.50977
872,13471.21973
873,13488.42969
874,13507.32031
875,13534.88965
876,13511.23047
877,13596.01953
878,13649.7002
879,13712.20996
880,13779.33008
881,13825.33008
882,13895.98047
883,13881.92969
884,13954.41992
885,13910.41992
886,13860.58008
887,14009.79004
888,13880.08008
889,13979.29981
890,13986.51953
891,13944.04981
892,13992.96973
893,13971.24023
894,14018.7002
895,13982.91016
896,13973.38965
897,13981.75977
898,14035.66992
899,13927.54004
900,13880.62012
901,14000.57031
902,13784.16992
903,13900.12988
904,14075.37012
905,14054.49023
906,14089.66016
907,14127.82031
908,14253.76953
909,14296.24023
910,14329.49023
911,14397.07031
912,14447.29004
913,14450.05957
914,14455.28027
915,14539.13965
916,14514.11035
917,14452.05957
918,14455.82031
919,14511.73047
920,14421.49023
921,14512.03027
922,14447.75
923,14559.65039
924,14526.16016
925,14578.54004
926,14572.84961
927,14662.00977
928,14550.34961
929,14606.11035
930,14565.25
931,14613.48047
932,14673.45996
933,14802.24023
934,14865.13965
935,14865.05957
936,14599.2002
937,14756.78027
938,14618.58984
939,14537.13965
940,14547.50977
941,14567.16992
942,14719.45996
943,14676.29981
944,14700.79981
945,14712.54981
946,14818.75
947,14839.79981
948,14700.9502
949,14831.58008
950,14973.95996
951,14968.88965
952,15056.2002
953,15105.12012
954,15082.62012
955,15118.49023
956,15091.67969
957,15215.25
958,15275.69043
959,15233.21973
960,15354.40039
961,15335.28027
962,15387.58008
963,15307.16992
964,15294.5
965,15303.09961
966,15409.38965
967,15302.79981
968,15324.53027
969,15115.57031
970,15254.03027
971,15177.54004
972,14960.58984
973,15040.62012
974,15248.12012
975,15238.58984
976,15122.01953
977,14995.23047
978,15176.08008
979,15070.17969
980,15179.84961
981,15318.23047
982,15112.19043
983,14758.32031
984,14799.40039
985,14659.55957
986,14760.30957
987,14910.13965
988,15024.49023
989,14909.59961
990,14974.95996
991,14932.41016
992,14988.37012
993,15135.83984
994,15224.69043
995,15300.33984
996,15291.66016
997,15460.91992
998,15464.29981
999,15484.25977
1000,15451.84961
1001,15470.51953
1002,15548.54004
1003,15543.74023
1004,15545.54981
1005,15567.74023
1006,15542.24023
1007,15555.61035
1008,15558.83008
1009,15521.96973
1010,15520.58984
1011,15499.54004
1012,15628.01953
1013,15658.36035
1014,15612.12988
1015,15518.74023
1016,15470.66992
1017,15498.32031
1018,15425.50977
1019,15419.67969
1020,15451.00977
1021,15337.66016
1022,15112.19043
1023,15081.46973
1024,15010.74023
1025,15002.99023
1026,14897.54981
1027,14963.74023
1028,15010.50977
1029,14946.45996
1030,14776.12988
1031,14824.50977
1032,14840.9502
1033,14810.30957
1034,14833.95996
1035,14930.87012
1036,14937.48047
1037,14922.5
1038,15063.12012
1039,15191.05957
1040,15326.59961
1041,15300.63965
1042,15376.05957
1043,15494.78027
1044,15529.73047
1045,15676.94043
1046,15636.54981
1047,15451.08984
1048,15401.37988
1049,15334.58984
1050,15273.25977
1051,15328.29981
1052,15258.24023
1053,15129.66992
1054,15191.7002
1055,15133.13965
1056,14996.48047
1057,15072.58008
1058,14936.24023
1059,14776.53027
1060,14802.98047
1061,15126.07031
1062,15237.11035
1063,15301.25977
1064,15168.00977
1065,15373.83008
1066,15371.65039
1067,15399.65039
1068,15392.2002
1069,15467.66016
1070,15413.33008
1071,15509.20996
1072,15570.28027
1073,15568.92969
1074,15680.34961
1075,15618.75977
1076,15545.75
1077,15615.54981
1078,15639.12012
1079,15618.21973
1080,15746.87988
1081,15593.98047
1082,15761.78027
1083,15783.09961
1084,15750.66992
1085,15821.62988
1086,15876.21973
1087,15961.7002
1088,15976.01953
1089,15967.03027
1090,15900.82031
1091,16009.99023
1092,16064.76953
1093,16072.54004
1094,16072.79981
1095,16097.33008
1096,16086.41016
1097,16008.76953
1098,15914.62012
1099,15889.76953
1100,15821.50977
1101,16020.2002
1102,16025.53027
1103,15973.12988
1104,15843.53027
1105,15739.42969
1106,15755.36035
1107,15884.57031
1108,15875.25977
1109,16167.96973
1110,16179.08008
1111,16221.13965
1112,16294.61035
1113,16357.54981
1114,16479.88086
1115,16478.41016
1116,16504.28906
1117,16576.66016
1118,16441.34961
1119,16469.99023
1120,16425.09961
1121,16530.93945
1122,16462.74023
1123,16444.75977
1124,16437.05078
1125,16257.94043
1126,16373.86035
1127,16481.93945
1128,16417.00977
1129,16458.56055
1130,16414.43945
1131,16373.33984
1132,16197.34961
1133,15879.11035
1134,15837.87988
1135,15928.55957
1136,15738.79004
1137,15848.61035
1138,15698.84961
1139,15372.79981
1140,15445.24023
1141,15440.23047
1142,15628.53027
1143,15794.08008
1144,15801.79004
1145,15994.76953
1146,15963.94043
1147,16027.58984
1148,16154.38965
1149,16130.40039
1150,16040.55957
1151,16133.23047
1152,16103.29981
1153,16207.13965
1154,16179.66016
1155,16198.41016
1156,16272.65039
1157,16321.70996
1158,16168.03027
1159,16395.88086
1160,16360.17969
1161,16421.89063
1162,16452.7207
1163,16418.67969
1164,16351.25
1165,16340.08008
1166,16108.88965
1167,16065.66992
1168,16247.21973
1169,16336.19043
1170,16222.16992
1171,16331.04981
1172,16302.76953
1173,16276.69043
1174,16367.87988
1175,16268.99023
1176,16264.23047
1177,16323.05957
1178,16457.66016
1179,16532.60938
1180,16573
1181,16572.55078
1182,16412.71094
1183,16245.87012
1184,16256.13965
1185,16437.17969
1186,16170.21973
1187,16026.75
1188,16173.24023
1189,16262.55957
1190,16424.84961
1191,16408.53906
1192,16449.25
1193,16514.36914
1194,16501.65039
1195,16501.65039
1196,16361.45996
1197,16448.74023
1198,16535.36914
1199,16580.83984
1200,16558.86914
1201,16512.89063
1202,16530.55078
1203,16401.01953
1204,16518.53906
1205,16550.9707
1206,16583.33984
1207,16695.4707
1208,16715.43945
1209,16613.9707
1210,16446.81055
1211,16491.31055
1212,16511.85938
1213,16374.30957
1214,16533.06055
1215,16543.08008
1216,16606.26953
1217,16675.5
1218,16633.17969
1219,16698.74023
1220,16717.16992
1221,16743.63086
1222,16722.33984
1223,16737.5293
1224,16836.10938
1225,16924.2793
1226,16943.09961
1227,16945.91992
1228,16843.88086
1229,16734.18945
1230,16775.74023
1231,16781.00977
1232,16808.49023
1233,16906.61914
1234,16921.46094
1235,16947.08008
1236,16937.25977
1237,16818.13086
1238,16867.50977
1239,16846.13086
1240,16851.83984
1241,16826.59961
1242,16956.07031
1243,16976.24023
1244,17068.25977
1245,17024.21094
1246,16906.61914
1247,16985.60938
1248,16915.07031
1249,16943.81055
1250,17055.41992
1251,17060.67969
1252,17138.19922
1253,16976.81055
1254,17100.17969
1255,17051.73047
1256,17113.53906
1257,17086.63086
1258,17083.80078
1259,16960.57031
1260,16982.58984
1261,16912.10938
1262,16880.35938
1263,16563.30078
1264,16493.36914
1265,16569.2793
1266,16429.4707
1267,16443.33984
1268,16368.26953
1269,16553.92969
1270,16569.98047
1271,16560.53906
1272,16651.80078
1273,16713.58008
1274,16662.91016
1275,16838.74023
1276,16919.58984
1277,16979.13086
1278,17039.49023
1279,17001.2207
1280,17076.86914
1281,17106.69922
1282,17122.00977
1283,17079.57031
1284,17098.44922
1285,17067.56055
1286,17078.2793
1287,17069.58008
1288,17137.35938
1289,17111.41992
1290,17013.86914
1291,17068.71094
1292,17049
1293,16987.50977
1294,17031.14063
1295,17131.9707
1296,17156.84961
1297,17265.99023
1298,17279.74023
1299,17172.67969
1300,17055.86914
1301,17210.06055
1302,16945.80078
1303,17113.15039
1304,17071.2207
1305,17042.90039
1306,16804.71094
1307,16801.05078
1308,17009.68945
1309,16991.91016
1310,16719.39063
1311,16994.2207
1312,16659.25
1313,16544.09961
1314,16321.07031
1315,16315.19043
1316,16141.74023
1317,16117.24023
1318,16380.41016
1319,16399.66992
1320,16614.81055
1321,16461.32031
1322,16677.90039
1323,16805.41016
1324,16817.93945
1325,17005.75
1326,16974.31055
1327,17195.41992
1328,17390.51953
1329,17366.24023
1330,17383.83984
1331,17484.5293
1332,17554.4707
1333,17573.92969
1334,17613.74023
1335,17614.90039
1336,17612.19922
1337,17652.78906
1338,17634.74023
1339,17647.75
1340,17687.82031
1341,17685.73047
1342,17719
1343,17810.06055
1344,17817.90039
1345,17814.93945
1346,17827.75
1347,17828.24023
1348,17776.80078
1349,17879.55078
1350,17912.61914
1351,17900.09961
1352,17958.78906
1353,17852.48047
1354,17801.19922
1355,17533.15039
1356,17596.33984
1357,17280.83008
1358,17180.83984
1359,17068.86914
1360,17356.86914
1361,17778.15039
1362,17804.80078
1363,17959.43945
1364,18024.16992
1365,18030.21094
1366,18053.71094
1367,18038.23047
1368,17983.07031
1369,17823.07031
1370,17832.99023
1371,17501.65039
1372,17371.64063
1373,17584.51953
1374,17907.86914
1375,17737.36914
1376,17640.83984
1377,17613.67969
1378,17427.08984
1379,17320.71094
1380,17511.57031
1381,17515.23047
1382,17554.2793
1383,17813.98047
1384,17672.59961
1385,17678.69922
1386,17387.21094
1387,17191.36914
1388,17416.84961
1389,17164.94922
1390,17361.03906
1391,17666.40039
1392,17673.01953
1393,17884.88086
1394,17824.28906
1395,17729.21094
1396,17868.75977
1397,17862.14063
1398,17972.38086
1399,18019.34961
1400,18047.58008
1401,18029.84961
1402,17985.76953
1403,18140.43945
1404,18116.83984
1405,18209.18945
1406,18224.57031
1407,18214.41992
1408,18132.69922
1409,18288.63086
1410,18203.36914
1411,18096.90039
1412,18135.7207
1413,17856.7793
1414,17995.7207
1415,17662.93945
1416,17635.39063
1417,17895.2207
1418,17749.31055
1419,17977.41992
1420,17849.08008
1421,18076.18945
1422,17959.0293
1423,18127.65039
1424,18116.03906
1425,18011.14063
1426,17718.53906
1427,17678.23047
1428,17712.66016
1429,17976.31055
1430,17776.11914
1431,17698.17969
1432,17763.24023
1433,17880.84961
1434,17875.41992
1435,17902.50977
1436,17958.73047
1437,18057.65039
1438,17977.03906
1439,18036.69922
1440,18112.60938
1441,18105.76953
1442,17826.30078
1443,18034.92969
1444,17949.58984
1445,18038.26953
1446,18058.68945
1447,18080.14063
1448,18037.9707
1449,18110.14063
1450,18035.5293
1451,17840.51953
1452,18024.06055
1453,18070.40039
1454,17928.19922
1455,17841.98047
1456,17924.06055
1457,18191.10938
1458,18105.16992
1459,18068.23047
1460,18060.49023
1461,18252.24023
1462,18272.56055
1463,18298.88086
1464,18312.39063
1465,18285.40039
1466,18285.74023
1467,18232.01953
1468,18041.53906
1469,18162.99023
1470,18126.11914
1471,18010.67969
1472,18040.36914
1473,18011.93945
1474,18076.26953
1475,17905.58008
1476,17849.46094
1477,17766.55078
1478,17764.03906
1479,18000.40039
1480,18039.36914
1481,17898.83984
1482,17791.16992
1483,17904.48047
1484,17935.74023
1485,18115.83984
1486,18015.94922
1487,18119.7793
1488,18144.07031
1489,17966.07031
1490,17890.35938
1491,17946.67969
1492,17596.34961
1493,17619.50977
1494,17757.91016
1495,17730.10938
1496,17683.58008
1497,17776.91016
1498,17515.41992
1499,17548.61914
1500,17760.41016
1501,17977.67969
1502,18053.58008
1503,18050.16992
1504,18120.25
1505,18086.44922
1506,18100.41016
1507,17919.28906
1508,17851.03906
1509,17731.91992
1510,17568.5293
1511,17440.58984
1512,17630.26953
1513,17751.39063
1514,17745.98047
1515,17689.85938
1516,17598.19922
1517,17550.68945
1518,17540.4707
1519,17419.75
1520,17373.38086
1521,17615.16992
1522,17402.83984
1523,17402.50977
1524,17408.25
1525,17477.40039
1526,17545.17969
1527,17511.33984
1528,17348.73047
1529,16990.68945
1530,16459.75
1531,15871.34961
1532,15666.44043
1533,16285.50977
1534,16654.76953
1535,16643.00977
1536,16528.0293
1537,16058.34961
1538,16351.37988
1539,16374.75977
1540,16102.37988
1541,16492.67969
1542,16253.57031
1543,16330.40039
1544,16433.08984
1545,16370.95996
1546,16599.84961
1547,16739.94922
1548,16674.74023
1549,16384.58008
1550,16510.18945
1551,16330.46973
1552,16279.88965
1553,16201.32031
1554,16314.66992
1555,16001.88965
1556,16049.12988
1557,16284.7002
1558,16272.00977
1559,16472.36914
1560,16776.42969
1561,16790.18945
1562,16912.28906
1563,17050.75
1564,17084.49023
1565,17131.85938
1566,17081.89063
1567,16924.75
1568,17141.75
1569,17215.9707
1570,17230.53906
1571,17217.10938
1572,17168.60938
1573,17489.16016
1574,17646.69922
1575,17623.05078
1576,17581.42969
1577,17779.51953
1578,17755.80078
1579,17663.53906
1580,17828.75977
1581,17918.15039
1582,17867.58008
1583,17863.42969
1584,17910.33008
1585,17730.48047
1586,17758.21094
1587,17702.2207
1588,17448.07031
1589,17245.24023
1590,17483.00977
1591,17489.5
1592,17737.16016
1593,17732.75
1594,17823.81055
1595,17792.67969
1596,17812.18945
1597,17813.39063
1598,17813.39063
1599,17719.91992
1600,17888.34961
1601,17729.67969
1602,17477.66992
1603,17847.63086
1604,17730.50977
1605,17568
1606,17492.30078
1607,17574.75
1608,17265.21094
1609,17368.5
1610,17524.91016
1611,17749.08984
1612,17495.83984
1613,17128.55078
1614,17251.61914
1615,17417.26953
1616,17602.60938
1617,17552.16992
1618,17528.26953
1619,17720.98047
1620,17603.86914
1621,17425.0293
1622,17148.93945
1623,17158.66016
1624,16906.50977
1625,16514.09961
1626,16346.4502
1627,16398.57031
1628,16516.2207
1629,16151.41016
1630,16379.04981
1631,15988.08008
1632,16016.01953
1633,15766.74023
1634,15882.67969
1635,16093.50977
1636,15885.21973
1637,16167.23047
1638,15944.45996
1639,16069.63965
1640,16466.30078
1641,16449.17969
1642,16153.54004
1643,16336.66016
1644,16416.58008
1645,16204.96973
1646,16027.04981
1647,16014.37988
1648,15914.74023
1649,15660.17969
1650,15973.83984
1651,16196.41016
1652,16453.83008
1653,16413.42969
1654,16391.99023
1655,16620.66016
1656,16431.7793
1657,16484.99023
1658,16697.28906
1659,16639.9707
1660,16516.5
1661,16865.08008
1662,16899.32031
1663,16943.90039
1664,17006.76953
1665,17073.94922
1666,16964.09961
1667,17000.35938
1668,16995.13086
1669,17213.31055
1670,17229.13086
1671,17251.5293
1672,17325.75977
1673,17481.49023
1674,17602.30078
1675,17623.86914
1676,17582.57031
1677,17502.58984
1678,17515.73047
1679,17535.39063
1680,17633.10938
1681,17716.66016
1682,17685.08984
1683,17792.75
1684,17737
1685,17603.32031
1686,17716.05078
1687,17541.96094
1688,17576.96094
1689,17556.41016
1690,17721.25
1691,17908.2793
1692,17926.42969
1693,17897.46094
1694,18004.16016
1695,18053.59961
1696,18096.26953
1697,17982.51953
1698,18003.75
1699,17977.24023
1700,17990.32031
1701,18041.55078
1702,17830.75977
1703,17773.64063
1704,17891.16016
1705,17750.91016
1706,17651.25977
1707,17660.71094
1708,17740.63086
1709,17705.91016
1710,17928.34961
1711,17711.11914
1712,17720.5
1713,17535.32031
1714,17710.71094
1715,17529.98047
1716,17526.61914
1717,17435.40039
1718,17500.93945
1719,17492.92969
1720,17706.05078
1721,17851.50977
1722,17828.28906
1723,17873.2207
1724,17787.19922
1725,17789.66992
1726,17838.56055
1727,17807.06055
1728,17920.33008
1729,17938.2793
1730,18005.05078
1731,17985.18945
1732,17865.33984
1733,17732.48047
1734,17674.82031
1735,17640.16992
1736,17733.09961
1737,17675.16016
1738,17804.86914
1739,17829.73047
1740,17780.83008
1741,18011.07031
1742,17400.75
1743,17140.24023
1744,17409.7207
1745,17694.67969
1746,17929.99023
1747,17949.36914
1748,17840.61914
1749,17918.61914
1750,17895.88086
1751,18146.74023
1752,18226.92969
1753,18347.66992
1754,18372.11914
1755,18506.41016
1756,18516.55078
1757,18533.05078
1758,18559.00977
1759,18595.0293
1760,18517.23047
1761,18570.84961
1762,18493.06055
1763,18473.75
1764,18472.16992
1765,18456.34961
1766,18432.24023
1767,18404.50977
1768,18313.76953
1769,18355
1770,18352.05078
1771,18543.5293
1772,18529.28906
1773,18533.05078
1774,18495.66016
1775,18613.51953
1776,18576.4707
1777,18636.05078
1778,18552.01953
1779,18573.93945
1780,18597.69922
1781,18552.57031
1782,18529.41992
1783,18547.30078
1784,18481.48047
1785,18448.41016
1786,18395.40039
1787,18502.99023
1788,18454.30078
1789,18400.88086
1790,18419.30078
1791,18491.96094
1792,18538.11914
1793,18526.14063
1794,18479.91016
1795,18085.44922
1796,18325.07031
1797,18066.75
1798,18034.76953
1799,18212.48047
1800,18123.80078
1801,18120.16992
1802,18129.96094
1803,18293.69922
1804,18392.46094
1805,18261.44922
1806,18094.83008
1807,18228.30078
1808,18339.24023
1809,18143.44922
1810,18308.15039
1811,18253.84961
1812,18168.44922
1813,18281.0293
1814,18268.5
1815,18240.49023
1816,18329.03906
1817,18128.66016
1818,18144.19922
1819,18098.93945
1820,18138.38086
1821,18086.40039
1822,18161.93945
1823,18202.61914
1824,18162.34961
1825,18145.71094
1826,18223.0293
1827,18169.26953
1828,18199.33008
1829,18169.67969
1830,18161.18945
1831,18142.41992
1832,18037.09961
1833,17959.64063
1834,17930.66992
1835,17888.2793
1836,18259.59961
1837,18332.74023
1838,18589.68945
1839,18807.88086
1840,18847.66016
1841,18868.68945
1842,18923.06055
1843,18868.14063
1844,18903.82031
1845,18867.92969
1846,18956.68945
1847,19023.86914
1848,19083.17969
1849,19152.14063
1850,19097.90039
1851,19121.59961
1852,19123.58008
1853,19191.92969
1854,19170.41992
1855,19216.24023
1856,19251.7793
1857,19549.61914
1858,19614.81055
1859,19756.84961
1860,19796.42969
1861,19911.21094
1862,19792.5293
1863,19852.24023
1864,19843.41016
1865,19883.06055
1866,19974.61914
1867,19941.96094
1868,19918.88086
1869,19933.81055
1870,19945.03906
1871,19833.67969
1872,19819.7793
1873,19762.59961
1874,19881.75977
1875,19942.16016
1876,19899.28906
1877,19963.80078
1878,19887.38086
1879,19855.5293
1880,19954.2793
1881,19891
1882,19885.73047
1883,19826.76953
1884,19804.7207
1885,19732.40039
1886,19827.25
1887,19799.84961
1888,19912.71094
1889,20068.50977
1890,20100.91016
1891,20093.7793
1892,19971.13086
1893,19864.08984
1894,19890.93945
1895,19884.91016
1896,20071.46094
1897,20052.41992
1898,20090.28906
1899,20054.33984
1900,20172.40039
1901,20269.36914
1902,20412.16016
1903,20504.41016
1904,20611.85938
1905,20619.76953
1906,20624.05078
1907,20743
1908,20775.59961
1909,20810.32031
1910,20821.75977
1911,20837.43945
1912,20812.24023
1913,21115.55078
1914,21002.9707
1915,21005.71094
1916,20954.33984
1917,20924.75977
1918,20855.73047
1919,20858.18945
1920,20902.98047
1921,20881.48047
1922,20837.36914
1923,20950.09961
1924,20934.55078
1925,20914.61914
1926,20905.85938
1927,20668.00977
1928,20661.30078
1929,20656.58008
1930,20596.7207
1931,20550.98047
1932,20701.5
1933,20659.32031
1934,20728.49023
1935,20663.2207
1936,20650.21094
1937,20689.24023
1938,20648.15039
1939,20662.94922
1940,20656.09961
1941,20658.01953
1942,20651.30078
1943,20591.85938
1944,20453.25
1945,20636.91992
1946,20523.2793
1947,20404.49023
1948,20578.71094
1949,20547.75977
1950,20763.89063
1951,20996.11914
1952,20975.08984
1953,20981.33008
1954,20940.50977
1955,20913.46094
1956,20949.89063
1957,20957.90039
1958,20951.4707
1959,21006.93945
1960,21012.2793
1961,20975.7793
1962,20943.10938
1963,20919.41992
1964,20896.60938
1965,20981.93945
1966,20979.75
1967,20606.92969
1968,20663.01953
1969,20804.83984
1970,20894.83008
1971,20937.91016
1972,21012.41992
1973,21082.94922
1974,21080.2793
1975,21029.4707
1976,21008.65039
1977,21144.17969
1978,21206.28906
1979,21184.03906
1980,21136.23047
1981,21173.68945
1982,21182.5293
1983,21271.9707
1984,21235.66992
1985,21328.4707
1986,21374.56055
1987,21359.90039
1988,21384.2793
1989,21528.99023
1990,21467.14063
1991,21410.0293
1992,21397.28906
1993,21394.75977
1994,21409.55078
1995,21310.66016
1996,21454.60938
1997,21287.0293
1998,21349.63086
1999,21479.26953
2000,21478.16992
2001,21320.03906
2002,21414.33984
2003,21408.51953
2004,21409.07031
2005,21532.14063
2006,21553.08984
2007,21637.74023
2008,21629.7207
2009,21574.73047
2010,21640.75
2011,21611.7793
2012,21580.07031
2013,21513.16992
2014,21613.42969
2015,21711.00977
2016,21796.55078
2017,21830.31055
2018,21891.11914
2019,21963.91992
2020,22016.24023
2021,22026.09961
2022,22092.81055
2023,22118.41992
2024,22085.33984
2025,22048.69922
2026,21844.00977
2027,21858.32031
2028,21993.71094
2029,21998.99023
2030,22024.86914
2031,21750.73047
2032,21674.50977
2033,21703.75
2034,21899.89063
2035,21812.08984
2036,21783.40039
2037,21813.66992
2038,21808.40039
2039,21865.36914
2040,21892.42969
2041,21948.09961
2042,21987.56055
2043,21753.31055
2044,21807.64063
2045,21784.7793
2046,21797.78906
2047,22057.36914
2048,22118.85938
2049,22158.17969
2050,22203.48047
2051,22268.33984
2052,22331.34961
2053,22370.80078
2054,22412.58984
2055,22359.23047
2056,22349.58984
2057,22296.08984
2058,22284.32031
2059,22340.71094
2060,22381.19922
2061,22405.08984
2062,22557.59961
2063,22641.66992
2064,22661.64063
2065,22775.39063
2066,22773.66992
2067,22761.07031
2068,22830.67969
2069,22872.89063
2070,22841.00977
2071,22871.7207
2072,22956.96094
2073,22997.43945
2074,23157.59961
2075,23163.03906
2076,23328.63086
2077,23273.96094
2078,23441.75977
2079,23329.46094
2080,23400.85938
2081,23434.18945
2082,23348.74023
2083,23377.24023
2084,23435.00977
2085,23516.25977
2086,23539.18945
2087,23548.41992
2088,23557.23047
2089,23563.35938
2090,23461.93945
2091,23422.21094
2092,23439.69922
2093,23409.4707
2094,23271.2793
2095,23458.35938
2096,23358.24023
2097,23430.33008
2098,23590.83008
2099,23526.17969
2100,23557.99023
2101,23580.7793
2102,23836.71094
2103,23940.67969
2104,24272.34961
2105,24231.58984
2106,24290.05078
2107,24180.64063
2108,24140.91016
2109,24211.48047
2110,24329.16016
2111,24386.0293
2112,24504.80078
2113,24585.42969
2114,24508.66016
2115,24651.74023
2116,24792.19922
2117,24754.75
2118,24726.65039
2119,24782.28906
2120,24754.06055
2121,24746.21094
2122,24774.30078
2123,24837.50977
2124,24719.2207
2125,24824.00977
2126,24922.67969
2127,25075.13086
2128,25295.86914
2129,25283
2130,25385.80078
2131,25369.13086
2132,25574.73047
2133,25803.18945
2134,25792.85938
2135,26115.65039
2136,26017.81055
2137,26071.7207
2138,26214.59961
2139,26210.81055
2140,26252.11914
2141,26392.78906
2142,26616.71094
2143,26439.48047
2144,26076.89063
2145,26149.39063
2146,26186.71094
2147,25520.96094
2148,24345.75
2149,24912.76953
2150,24893.34961
2151,23860.46094
2152,24190.90039
2153,24601.26953
2154,24640.44922
2155,24893.49023
2156,25200.36914
2157,25219.38086
2158,24964.75
2159,24797.7793
2160,24962.48047
2161,25309.99023
2162,25709.26953
2163,25410.0293
2164,25029.19922
2165,24608.98047
2166,24538.06055
2167,24874.75977
2168,24884.11914
2169,24801.35938
2170,24895.21094
2171,25335.74023
2172,25178.60938
2173,25007.0293
2174,24758.11914
2175,24873.66016
2176,24946.50977
2177,24610.91016
2178,24727.26953
2179,24682.31055
2180,23957.89063
2181,23533.19922
2182,24202.59961
2183,23857.71094
2184,23848.41992
2185,24103.10938
2186,23644.18945
2187,24033.35938
2188,24264.30078
2189,24505.2207
2190,23932.75977
2191,23979.09961
2192,24408
2193,24189.44922
2194,24483.05078
2195,24360.14063
2196,24573.03906
2197,24786.63086
2198,24748.07031
2199,24664.89063
2200,24462.93945
2201,24448.68945
2202,24024.13086
2203,24083.83008
2204,24322.33984
2205,24311.18945
2206,24163.15039
2207,24099.05078
2208,23924.98047
2209,23930.15039
2210,24262.50977
2211,24357.32031
2212,24360.21094
2213,24542.53906
2214,24739.5293
2215,24831.16992
2216,24899.41016
2217,24706.41016
2218,24768.92969
2219,24713.98047
2220,24715.08984
2221,25013.28906
2222,24834.41016
2223,24886.81055
2224,24811.75977
2225,24753.08984
2226,24361.44922
2227,24667.7793
2228,24415.83984
2229,24635.21094
2230,24813.68945
2231,24799.98047
2232,25146.39063
2233,25241.41016
2234,25316.5293
2235,25322.31055
2236,25320.73047
2237,25201.19922
2238,25175.31055
2239,25090.48047
2240,24987.4707
2241,24700.21094
2242,24657.80078
2243,24461.69922
2244,24580.89063
2245,24252.80078
2246,24283.10938
2247,24117.58984
2248,24216.05078
2249,24271.41016
2250,24307.17969
2251,24174.82031
2252,24356.74023
2253,24456.48047
2254,24776.58984
2255,24919.66016
2256,24700.44922
2257,24924.89063
2258,25019.41016
2259,25064.35938
2260,25119.89063
2261,25199.28906
2262,25064.5
2263,25058.11914
2264,25044.28906
2265,25241.93945
2266,25414.09961
2267,25527.07031
2268,25451.06055
2269,25306.83008
2270,25415.18945
2271,25333.82031
2272,25326.16016
2273,25462.58008
2274,25502.17969
2275,25628.91016
2276,25583.75
2277,25509.23047
2278,25313.14063
2279,25187.69922
2280,25299.91992
2281,25162.41016
2282,25558.73047
2283,25669.32031
2284,25758.68945
2285,25822.28906
2286,25733.59961
2287,25656.98047
2288,25790.34961
2289,26049.64063
2290,26064.01953
2291,26124.57031
2292,25986.91992
2293,25964.82031
2294,25952.48047
2295,25974.99023
2296,25995.86914
2297,25916.53906
2298,25857.07031
2299,25971.06055
2300,25998.91992
2301,26145.99023
2302,26154.66992
2303,26062.11914
2304,26246.96094
2305,26405.75977
2306,26656.98047
2307,26743.5
2308,26562.05078
2309,26492.21094
2310,26385.2793
2311,26439.92969
2312,26458.31055
2313,26651.21094
2314,26773.93945
2315,26828.39063
2316,26627.48047
2317,26447.05078
2318,26486.7793
2319,26430.57031
2320,25598.74023
2321,25052.83008
2322,25339.99023
2323,25250.55078
2324,25798.41992
2325,25706.67969
2326,25379.44922
2327,25444.33984
2328,25317.41016
2329,25191.42969
2330,24583.41992
2331,24984.55078
2332,24688.31055
2333,24442.91992
2334,24874.64063
2335,25115.75977
2336,25380.74023
2337,25270.83008
2338,25461.69922
2339,25635.00977
2340,26180.30078
2341,26191.2207
2342,25989.30078
2343,25387.17969
2344,25286.49023
2345,25080.5
2346,25289.26953
2347,25413.2207
2348,25017.43945
2349,24465.64063
2350,24464.68945
2351,24285.94922
2352,24640.24023
2353,24748.73047
2354,25366.42969
2355,25338.83984
2356,25538.46094
2357,25826.42969
2358,25027.07031
2359,24947.66992
2360,24388.94922
2361,24423.25977
2362,24370.24023
2363,24527.26953
2364,24597.38086
2365,24100.50977
2366,23592.98047
2367,23675.64063
2368,23323.66016
2369,22859.59961
2370,22445.36914
2371,21792.19922
2372,22878.44922
2373,23138.82031
2374,23062.40039
2375,23327.46094
2376,23346.24023
2377,22686.2207
2378,23433.16016
2379,23531.34961
2380,23787.44922
2381,23879.11914
2382,24001.91992
2383,23995.94922
2384,23909.83984
2385,24065.58984
2386,24207.16016
2387,24370.09961
2388,24706.34961
2389,24404.48047
2390,24575.61914
2391,24553.24023
2392,24737.19922
2393,24528.2207
2394,24579.96094
2395,25014.85938
2396,24999.66992
2397,25063.89063
2398,25239.36914
2399,25411.51953
2400,25390.30078
2401,25169.5293
2402,25106.33008
2403,25053.10938
2404,25425.75977
2405,25543.26953
2406,25439.39063
2407,25883.25
2408,25891.32031
2409,25954.43945
2410,25850.63086
2411,26031.81055
2412,26091.94922
2413,26057.98047
2414,25985.16016
2415,25916
2416,26026.32031
2417,25819.65039
2418,25806.63086
2419,25673.46094
2420,25473.23047
2421,25450.24023
2422,25650.88086
2423,25554.66016
2424,25702.89063
2425,25709.93945
2426,25848.86914
2427,25914.09961
2428,25887.38086
2429,25745.66992
2430,25962.50977
2431,25502.32031
2432,25516.83008
2433,25657.73047
2434,25625.58984
2435,25717.46094
2436,25928.67969
2437,26258.41992
2438,26179.13086
2439,26218.13086
2440,26384.63086
2441,26424.99023
2442,26341.01953
2443,26150.58008
2444,26157.16016
2445,26143.05078
2446,26412.30078
2447,26384.76953
2448,26452.66016
2449,26449.53906
2450,26559.53906
2451,26511.05078
2452,26656.39063
2453,26597.05078
2454,26462.08008
2455,26543.33008
2456,26554.39063
2457,26592.91016
2458,26430.14063
2459,26307.78906
2460,26504.94922
2461,26438.48047
2462,25965.08984
2463,25967.33008
2464,25828.35938
2465,25942.36914
2466,25324.99023
2467,25532.05078
2468,25648.01953
2469,25862.67969
2470,25764
2471,25679.90039
2472,25877.33008
2473,25776.60938
2474,25490.4707
2475,25585.68945
2476,25347.76953
2477,25126.41016
2478,25169.88086
2479,24815.03906
2480,24819.7793
2481,25332.17969
2482,25539.57031
2483,25720.66016
2484,25983.93945
2485,26062.67969
2486,26048.50977
2487,26004.83008
2488,26106.76953
2489,26089.60938
2490,26112.5293
2491,26465.53906
2492,26504
2493,26753.16992
2494,26719.13086
2495,26727.53906
2496,26548.2207
2497,26536.82031
2498,26526.58008
2499,26599.96094
2500,26717.42969
2501,26786.67969
2502,26966
2503,26922.11914
2504,26806.14063
2505,26783.49023
2506,26860.19922
2507,27088.08008
2508,27332.0293
2509,27359.16016
2510,27335.63086
2511,27219.84961
2512,27222.9707
2513,27154.19922
2514,27171.90039
2515,27349.18945
2516,27269.9707
2517,27140.98047
2518,27192.44922
2519,27221.34961
2520,27198.01953
2521,26864.26953
2522,26583.41992
2523,26485.00977
2524,25717.74023
2525,26029.51953
2526,26007.07031
2527,26378.18945
2528,26287.43945
2529,25896.43945
2530,26279.91016
2531,25479.41992
2532,25579.39063
2533,25886.00977
2534,26135.78906
2535,25962.43945
2536,26202.73047
2537,26252.24023
2538,25628.90039
2539,25898.83008
2540,25777.90039
2541,26036.09961
2542,26362.25
2543,26403.2793
2544,26118.01953
2545,26355.4707
2546,26728.15039
2547,26797.46094
2548,26835.50977
2549,26909.42969
2550,27137.03906
2551,27182.44922
2552,27219.51953
2553,27076.82031
2554,27110.80078
2555,27147.08008
2556,27094.78906
2557,26935.07031
2558,26949.99023
2559,26807.76953
2560,26970.71094
2561,26891.11914
2562,26820.25
2563,26916.83008
2564,26573.03906
2565,26078.61914
2566,26201.03906
2567,26573.7207
2568,26478.01953
2569,26164.03906
2570,26346.00977
2571,26496.66992
2572,26816.58984
2573,26787.35938
2574,27024.80078
2575,27001.98047
2576,27025.88086
2577,26770.19922
2578,26827.64063
2579,26788.09961
2580,26833.94922
2581,26805.5293
2582,26958.06055
2583,27090.7207
2584,27071.46094
2585,27186.68945
2586,27046.23047
2587,27347.35938
2588,27462.10938
2589,27492.63086
2590,27492.56055
2591,27674.80078
2592,27681.24023
2593,27691.49023
2594,27691.49023
2595,27783.58984
2596,27781.96094
2597,28004.89063
2598,28036.2207
2599,27934.01953
2600,27821.08984
2601,27766.28906
2602,27875.61914
2603,28066.4707
2604,28121.67969
2605,28164
2606,28051.41016
2607,27783.03906
2608,27502.81055
2609,27649.7793
2610,27677.78906
2611,28015.06055
2612,27909.59961
2613,27881.7207
2614,27911.30078
2615,28132.05078
2616,28135.38086
2617,28235.89063
2618,28267.16016
2619,28239.2793
2620,28376.96094
2621,28455.08984
2622,28551.5293
2623,28515.44922
2624,28621.39063
2625,28645.25977
2626,28462.14063
2627,28538.43945
2628,28868.80078
2629,28634.88086
2630,28703.38086
2631,28583.67969
2632,28745.08984
2633,28956.90039
2634,28823.76953
2635,28907.05078
2636,28939.66992
2637,29030.2207
2638,29297.64063
2639,29348.09961
2640,29196.03906
2641,29186.26953
2642,29160.08984
2643,28989.73047
2644,28535.80078
2645,28722.84961
2646,28734.44922
2647,28859.43945
2648,28256.0293
2649,28399.81055
2650,28807.63086
2651,29290.84961
2652,29379.76953
2653,29102.50977
2654,29276.82031
2655,29276.33984
2656,29551.41992
2657,29423.31055
2658,29398.08008
2659,29232.18945
2660,29348.0293
2661,29219.98047
2662,28992.41016
2663,27960.80078
2664,27081.35938
2665,26957.58984
2666,25766.64063
2667,25409.35938
2668,26703.32031
2669,25917.41016
2670,27090.85938
2671,26121.2793
2672,25864.7793
2673,23851.01953
2674,25018.16016
2675,23553.2207
2676,21200.61914
2677,23185.61914
2678,20188.51953
2679,21237.38086
2680,19898.91992
2681,20087.18945
2682,19173.98047
2683,18591.92969
2684,20704.91016
2685,21200.55078
2686,22552.16992
2687,21636.7793
2688,22327.48047
2689,21917.16016
2690,20943.50977
2691,21413.43945
2692,21052.5293
2693,22679.99023
2694,22653.85938
2695,23433.57031
2696,23719.36914
2697,23390.76953
2698,23949.75977
2699,23504.34961
2700,23537.67969
2701,24242.49023
2702,23650.43945
2703,23018.88086
2704,23475.82031
2705,23515.25977
2706,23775.26953
2707,24133.7793
2708,24101.55078
2709,24633.85938
2710,24345.7207
2711,23723.68945
2712,23749.75977
2713,23883.08984
2714,23664.64063
2715,23875.89063
2716,24331.32031
2717,24221.99023
2718,23764.7793
2719,23247.9707
2720,23625.33984
2721,23685.41992
2722,24597.36914
2723,24206.85938
2724,24575.90039
2725,24474.11914
2726,24465.16016